{
  "task": "log_of_product",
  "interface": "log_mul(a, b)",
  "test_cases": [
    {
      "input": [
        2.0,
        5.0
      ],
      "output": 2.302585092994046
    },
    {
      "input": [
        1.0,
        10.0
      ],
      "output": 2.302585092994046
    }
  ]
}